64,429,64
678,429,481.5495821
687,430,558.494703
697,430,596.1455359
708,429,620.1325665
724,429,638.6180392
741,429,654.2257147
756,429,667.7962826
767,429,679.5344812
774,429,689.5636301
773,429,697.5612713
762,429,703.1567511
747,429,706.6258938
731,429,708.3947144
714,429,708.7697793
698,428,708.101467
684,429,706.706487
677,429,705.0889621
677,429,703.6385511
675,428,702.2343626
679,429,701.1454234
685,429,700.4196145
690,429,699.969813
693,429,699.6807903
689,428,699.2566911
676,428,698.376524
648,428,696.5756985
607,428,693.5758018
557,429,689.3169032
501,429,683.8756466
446,428,677.5071241
394,427,670.464601
349,427,663.0172081
315,427,655.4243125
290,426,647.8504016
271,426,640.3839126
256,426,633.0712782
249,426,625.9904363
254,427,619.2499392
269,426,612.9378027
295,427,607.167253
331,428,602.0658088
366,428,597.6358851
399,428,593.8597363
427,429,590.6640707
455,429,588.0477465
480,429,585.9563378
503,429,584.3482124
531,430,583.3082463
564,429,582.9283489
599,430,583.247736
628,430,584.1406904
651,429,585.4728616
668,430,587.1065743
678,429,588.8844153
684,429,590.7172245
681,429,592.4197184
671,429,593.8626481
656,429,594.9698896
640,429,595.748283
628,429,596.2910638
620,429,596.6809408
618,429,597.0252846
623,429,597.4398244
638,429,598.0846608
656,429,599.003946
673,430,600.1754346
683,429,601.4760765
681,429,602.7035347
673,429,603.7653991
658,429,604.5630479
639,429,605.0547611
613,429,605.1643046
584,428,604.8832364
550,429,604.1842545
516,429,603.1076538
486,429,601.7328656
459,429,600.1178196
437,428,598.3309909
414,428,596.378592
395,428,594.308593
386,428,592.2097416
387,428,590.1621586
393,428,588.2038135
413,428,586.4469486
439,428,584.9460619
472,429,583.7719894
506,429,582.9465027
535,429,582.4297035
562,428,582.2066453
585,429,582.2374143
606,429,582.5009143
618,429,582.8941234
625,429,583.3580522
629,429,583.8570752
635,429,584.412882
639,429,585.0016213
644,429,585.6336617
647,429,586.2856373
651,429,586.9680996
652,429,587.6472556
647,429,588.2582133
628,429,588.6569542
594,428,588.7085605
549,429,588.3430243
499,428,587.5636457
448,428,586.4130948
399,427,584.9532666
355,427,583.2558096
321,427,581.4047331
297,427,579.4659704
278,427,577.4710413
265,426,575.4504123
258,426,573.4302983
256,426,571.430539
255,426,569.4545485
257,427,567.5133418
263,426,565.6219166
271,427,563.7879317
282,427,562.0237762
293,427,560.330009
309,427,558.7296554
329,427,557.2439293
353,428,555.8970301
374,428,554.6785952
393,429,553.5813558
413,429,552.614124
432,429,551.7740211
453,429,551.0764237
474,429,550.5247147
493,430,550.1083793
514,430,549.843745
536,429,549.7409575
563,430,549.8410897
590,430,550.14934
618,430,550.6787523
646,430,551.4342282
675,429,552.4290564
702,430,553.6494294
722,429,555.0330299
735,429,556.5143419
746,430,558.0737369
755,429,559.6914672
765,429,561.376186
780,429,563.1746468
798,429,565.1150204
819,429,567.2261484
831,429,569.4185631
846,429,571.7209743
858,429,574.1023718
864,429,576.5019313
873,429,578.9489967
882,429,581.4427571
890,429,583.9725076
893,429,586.4883356
897,429,589.0003319
900,429,591.4988895
901,429,593.9651036
903,429,596.4093135
904,429,598.8226104
905,429,601.2057657
906,429,603.5595238
906,429,605.875425
906,429,608.1544252
905,429,610.3884555
906,429,612.5964738
907,429,614.7790899
908,428,616.9368938
906,429,619.0444345
907,428,621.1287401
907,429,623.1818185
907,428,625.2043991
906,428,627.1888331
906,428,629.1443058
900,429,631.022413
888,428,632.7773781
874,428,634.3979084
854,428,635.8435121
827,427,637.0707669
779,428,637.9464929
721,428,638.4350341
656,428,638.5328651
585,428,638.2525367
518,428,637.6602825
455,428,636.8137833
399,426,635.7731006
354,426,634.5991155
319,426,633.3365715
293,426,632.0183048
274,426,630.6662517
260,425,629.2943983
248,425,627.9086029
243,425,626.5239989
241,425,625.1466591
245,425,623.7884421
250,426,622.4513095
252,426,621.1290195
253,426,619.8193652
254,426,618.5222014
256,426,617.2394552
259,426,615.9730804
267,426,614.7336178
280,427,613.5324474
297,427,612.3799922
314,427,611.2780853
330,427,610.2259012
341,427,609.2113576
348,427,608.2239632
352,427,607.255466
353,428,606.297436
357,427,605.3581095
359,428,604.4317931
363,428,603.5240056
373,428,602.6518888
387,428,601.8277549
403,428,601.0588188
419,428,600.3464783
433,428,599.6854604
447,429,599.0767135
459,429,598.5141754
464,429,597.9736673
468,429,597.4516001
470,429,596.940811
471,429,596.4376726
474,429,595.9491589
479,429,595.4822765
485,429,595.0405569
492,430,594.6276109
497,430,594.2361579
507,430,593.8846067
518,429,593.5770099
533,429,593.3291739
549,429,593.1459989
569,429,593.0449025
588,430,593.0235258
604,429,593.0704648
617,429,593.1734614
628,430,593.3240679
635,429,593.504541
638,429,593.6968573
639,429,593.8919771
636,429,594.0721184
635,429,594.2463221
632,429,594.405944
637,429,594.585999
646,429,594.8039952
655,429,595.0599806
660,429,595.3360599
662,429,595.6187091
662,429,595.8989646
654,429,596.1416781
633,429,596.2924438
612,429,596.3553434
594,429,596.3460887
579,429,596.2790503
564,429,596.1563606
541,429,595.9516374
507,429,595.6325086
467,429,595.1893213
424,428,594.6253216
381,428,593.9534794
341,427,593.1931093
309,427,592.3708054
285,427,591.5079567
266,426,590.6169304
252,426,589.7081571
243,426,588.7906351
237,426,587.8694043
240,426,586.9581247
245,426,586.0598566
253,427,585.1794155
263,427,584.3203694
280,427,583.4953412
305,427,582.7209803
341,427,582.0238858
379,429,581.4162712
425,429,580.9273428
471,430,580.5692227
516,429,580.3506201
562,430,580.2861148
611,430,580.3982986
663,430,580.7119713
713,430,581.2324301
761,430,581.9628425
799,430,582.8656792
828,429,583.9021077
848,430,585.0293241
865,430,586.2328148
876,429,587.4819382
884,429,588.7610574
890,430,590.0596365
894,429,591.3671616
896,429,592.6732146
898,430,593.9778134
902,429,595.2912377
904,429,596.603152
903,429,597.8982943
904,429,599.1870331
906,429,600.4744947
906,429,601.750646
905,429,603.0106554
906,429,604.2646809
907,429,605.5127985
906,429,606.7452481
906,429,607.9671421
907,429,609.183486
911,428,610.4089087
906,429,611.5998289
906,429,612.7807487
906,428,613.9518001
906,428,615.1131128
907,429,616.2695282
907,428,617.4164092
907,429,618.553879
907,428,619.6820588
907,428,620.8010673
906,429,621.9064233
906,428,623.0028847
906,428,624.0905634
906,428,625.1695695
906,428,626.240011
906,428,627.3019942
907,428,628.3600898
907,428,629.4098917
906,428,630.447077
906,428,631.4762114
907,428,632.501775
906,428,633.5150777
906,428,634.520617
907,428,635.5228079
908,428,636.521687
902,428,637.4873422
876,428,638.3370216
834,427,639.0122641
786,427,639.5013099
735,427,639.8066812
688,427,639.9550568
641,427,639.9581509
604,427,639.8550513
570,427,639.660781
538,428,639.386287
507,428,639.0391728
479,428,638.6308811
455,428,638.1736523
432,427,637.6723842
412,427,637.1353383
396,427,636.5716759
390,427,636.0001039
392,427,635.4348239
395,427,634.8775878
404,427,634.33919
417,428,633.8273173
432,427,633.346416
445,427,632.8933135
456,428,632.4645133
467,428,632.0603948
479,428,631.683454
491,428,631.3341464
506,428,631.019602
524,428,630.7474754
536,428,630.5046829
551,428,630.2988702
566,428,630.1307508
583,428,630.0061006
598,428,629.9206343
616,428,629.8830189
632,429,629.8887969
643,428,629.9247949
657,428,629.9997419
671,428,630.1141488
690,428,630.2832141
704,428,630.492931
718,428,630.743765
729,429,631.0268815
738,428,631.3362464
748,428,631.6750991
758,428,632.0435762
770,428,632.4482412
780,428,632.882825
788,429,633.3408868
791,428,633.806024
789,428,634.2618664
791,428,634.721503
790,428,635.1751747
786,428,635.6132881
783,428,636.0392459
784,428,636.4659004
788,428,636.9027949
786,428,637.3307971
773,428,637.7155764
740,428,637.9980899
698,427,638.1583335
648,428,638.1835686
601,428,638.0919368
558,428,637.9018694
513,428,637.6172758
470,428,637.2504559
438,428,636.827953
414,428,636.3670246
397,427,635.8809676
385,427,635.3785507
378,427,634.8677752
373,427,634.3517822
356,427,633.8137278
333,427,633.2469824
305,427,632.6477514
281,426,632.0235646
262,425,631.3818005
248,426,630.7286875
237,425,630.0677625
229,425,629.4021591
221,425,628.7321385
216,426,628.0604411
212,426,627.3879791
209,426,626.7156135
207,426,626.0441662
205,425,625.3736437
203,426,624.7040524
201,426,624.0353988
201,426,623.3692172
199,426,622.7039669
199,426,622.0411631
199,426,621.380791
198,426,620.7220822
197,426,620.0650288
197,426,619.4103682
197,426,618.7580861
197,426,618.1081685
196,426,617.4598597
196,426,616.8138896
196,426,616.1702446
196,426,615.528911
196,426,614.8898754
196,426,614.2531245
198,426,613.620121
196,426,612.9878978
196,426,612.3579198
195,427,611.7294445
195,426,611.1031904
195,427,610.4791449
195,426,609.8572953
196,427,609.2383551
195,427,608.6208589
195,427,608.0055213
195,426,607.3923301
194,426,606.7805544
195,425,606.1716205
195,425,605.5647969
194,424,604.9593555
194,423,604.3560025
195,423,603.7554405
195,422,603.1569418
193,422,602.5590735
194,421,601.9639572
194,421,601.3708717
194,421,600.7798058
194,420,600.1907483
195,420,599.6043965
195,420,599.0200294
195,419,598.4376361
194,419,597.8565002
194,419,597.2773182
195,418,596.7007835
195,418,596.1261799
195,417,595.553497
195,417,594.9827242
196,417,594.4145555
195,417,593.8475714
195,417,593.2824667
195,417,592.7192314
195,416,592.1578554
195,416,591.5983288
195,416,591.0406417
195,416,590.4847844
195,416,589.9307471
195,416,589.3785201
196,416,588.8287899
195,416,588.2801541
196,416,587.7339946
196,416,587.1896059
196,415,586.6469788
196,415,586.106104
196,415,585.5669723
196,414,585.0295747
195,413,584.4932125
195,413,583.9585679
195,413,583.4256321
195,412,582.8943961
195,411,582.3648513
195,410,581.8369889
195,409,581.3108002
195,408,580.7862767
195,408,580.2634098
195,407,579.7421911
196,406,579.2232939
195,405,578.7053456
195,405,578.1890204
195,404,577.67431
196,404,577.1618852
195,404,576.6503793
195,404,576.4883586
195,404,575.9776037
195,403,574.95377
196,404,574.4454073
196,404,573.2981943
197,404,572.7923673
197,405,571.4723452
197,405,570.9685613
197,406,569.5232211
198,406,569.0223141
200,407,567.5864311
203,407,567.0912325
224,408,565.8165557
255,409,565.3654818
291,410,564.3140888
331,411,563.9438022
369,412,563.1045529
412,413,562.8428306
453,414,562.1446212
494,414,562.016578
532,414,561.42546
568,415,561.4386859
605,416,560.947479
643,416,561.1235586
680,416,560.8477104
720,416,561.2110601
758,417,561.3916611
795,417,561.9558043
825,417,562.7312048
848,417,563.4459016
868,418,564.7190835
875,419,565.5095737
883,419,567.0639532
890,419,567.8931273
894,419,569.5918396
898,420,570.4373778
900,420,572.2050027
904,421,573.0603459
904,421,574.8214308
906,421,575.6739615
906,423,577.3349472
905,422,578.1756308
907,423,579.6706653
908,424,580.5126803
908,424,581.8438593
908,424,582.6784019
908,424,583.8475708
909,425,584.6783663
908,425,585.6479942
908,426,586.4695508
909,426,587.1816504
910,427,588.0041888
909,427,588.5186032
909,427,589.3335219
909,428,589.7517242
910,428,590.5655611
908,428,591.0052287
908,428,591.8086971
908,429,592.3752247
908,428,593.1741043
908,428,593.8452512
908,428,594.6392234
911,429,595.3355279
908,429,596.1245424
908,429,596.6998739
908,428,597.4843646
902,428,597.9054439
872,428,598.5789054
827,427,598.7890117
779,427,599.2035264
729,426,599.2857957
684,426,599.4671717
646,426,599.5672053
615,426,599.5984673
593,426,599.8364072
580,425,599.7973891
578,425,600.209818
587,425,600.1836885
608,426,600.7969473
635,426,600.8672965
664,426,601.695382
700,426,601.9080146
745,427,602.9277866
790,427,603.3598197
822,427,604.4821398
846,428,605.0613952
863,428,606.1071868
875,428,606.763908
882,428,607.661629
888,428,608.3512456
894,429,609.1082118
898,428,609.8225939
900,428,610.4948041
902,428,611.2165786
907,428,611.8676622
903,428,612.5880263
904,429,613.1919902
905,428,613.9140477
905,428,614.4907532
906,429,615.2116384
906,429,615.7905504
908,428,616.5132067
906,428,617.2501612
906,429,617.9623273
906,428,619.0191236
906,428,619.725728
907,428,621.0933746
907,428,621.7964008
907,428,623.373981
906,428,624.0669852
907,428,625.7451782
907,428,626.4337251
906,428,628.1532129
906,428,628.8314385
907,427,630.5619484
907,428,631.2356549
906,428,632.9541452
907,428,633.6205379
907,428,635.3122045
907,428,635.9714239
906,428,637.6141212
906,428,638.2635318
907,428,639.8270793
906,428,640.4698322
906,428,641.9336302
907,428,642.5728955
911,427,643.9524295
906,428,644.5828527
906,428,645.8352439
906,428,646.4600746
906,428,647.5928992
906,428,648.2125284
906,428,649.1960683
907,428,649.8137595
906,428,650.6044253
907,428,651.2179697
906,428,651.7900694
905,428,652.3945769
906,428,652.7513682
906,428,653.3558387
906,427,653.5873276
906,427,654.1893564
907,427,654.3354045
906,428,654.9352518
904,428,654.9367085
905,428,655.5320419
906,428,655.3627137
906,428,655.9595704
906,427,655.6528283
907,427,656.2516042
906,428,655.8588962
906,428,656.4543107
906,428,655.968349
906,428,656.5634455
906,428,656.0288574
906,427,656.6237781
906,427,656.0592072
906,428,656.6540398
910,427,656.0841186
906,428,656.6788789
905,428,656.0841186
906,427,656.6788789
906,427,656.0841186
906,427,656.6788789
906,427,656.0868845
906,427,656.6816367
906,427,656.0785747
906,427,656.6733511
905,427,656.0730399
904,427,656.6623196
906,427,656.0619732
906,427,656.6567977
906,427,656.0619732
906,427,656.6567977
906,427,656.1278393
906,427,656.7224726
904,427,656.3490246
905,427,656.9402591
906,427,656.8817422
906,427,657.4741881
904,427,657.9301865
906,427,658.5195958
906,427,659.4986801
906,427,660.0835583
904,427,661.428196
905,427,662.004784
906,427,663.5649847
905,427,664.1354546
905,427,665.7917537
906,427,666.3585927
909,427,668.0724284
905,427,668.6300756
904,427,670.3469849
905,427,670.8982039
898,427,672.5897054
885,427,673.0814275
864,427,674.6754389
838,426,675.0415261
799,427,676.4709794
745,427,676.6149644
674,427,677.7597942
586,427,677.5886761
493,427,678.3801983
420,426,677.9617202
366,425,678.532111
326,425,678.0100044
297,425,678.4687566
275,425,677.901515
257,424,678.3109519
244,424,677.7201546
235,425,678.1017933
226,424,677.4987454
221,424,677.8490944
217,424,677.2404403
213,424,677.524224
210,424,676.9115127
207,425,677.1157697
205,425,676.500439
203,425,676.631319
203,425,676.0153105
201,425,676.1087991
201,425,675.4921643
202,425,675.5727845
199,425,674.9555482
198,425,675.0158953
198,425,674.3986759
197,425,674.4229434
197,425,673.8057821
197,426,673.7890749
197,425,673.1726019
196,425,673.0820432
196,426,672.4657538
196,426,672.2652595
196,425,671.6498567
196,425,671.3200304
196,425,670.7056538
196,425,670.2770342
195,425,669.6632064
195,426,669.1785426
195,426,668.565907
195,425,668.0744232
195,426,667.4629862
195,426,666.9837514
195,425,666.3734989
195,425,665.8605413
196,425,665.2520966
195,425,664.6734036
196,425,664.0662497
195,425,663.4662259
195,425,662.8597951
196,425,662.3295939
195,424,661.7243988
195,424,661.3434966
195,424,660.7393737
198,424,660.4700564
195,424,659.8668835
195,423,659.7510416
195,423,659.1486509
196,423,659.2626947
196,423,658.661429
196,423,658.9820488
196,422,658.3810887
196,422,658.8301696
196,422,658.2293749
196,422,658.7428225
195,422,658.1415289
196,422,658.6838367
196,422,658.0832014
196,422,658.6217786
197,421,658.0218081
197,422,658.5372462
197,422,657.9373678
196,421,658.3938996
196,421,657.7935801
197,421,658.1157959
197,421,657.516377
197,421,657.6210176
197,421,657.0221381
198,420,656.8525013
197,420,656.2544598
197,420,655.729912
197,420,655.1330949
197,420,654.1849325
197,419,653.589801
197,419,652.2730995
197,420,651.6800549
199,419,650.1359793
197,419,649.5452686
197,419,647.8645437
197,419,647.276315
197,418,645.519143
197,418,644.9334787
197,418,643.1373269
198,418,642.5548833
197,418,640.7134957
198,417,640.1337079
197,417,638.2776266
197,417,637.6998902
197,416,635.8175461
197,416,635.2425064
197,416,633.3507752
197,415,632.7784415
197,415,630.8686031
197,414,630.2989941
196,414,628.3759995
197,414,627.8091286
197,414,625.8624558
197,413,625.298348
197,413,623.3533804
197,413,622.7920327
197,413,620.8312386
198,413,620.2733043
197,413,618.2965107
197,413,617.740732
198,413,615.7513487
198,413,615.1990182
199,413,613.202842
199,413,612.6539741
201,414,610.6456634
200,413,610.1002786
200,414,608.0777278
200,414,607.5351891
201,414,605.4935647
201,414,604.9545553
202,414,602.9056879
202,414,602.3702234
203,415,600.3049776
203,415,599.7730838
204,415,597.6943123
205,415,597.166697
207,415,595.0847652
211,415,594.5642673
217,415,592.7712354
224,415,592.2628926
232,415,590.9868619
242,416,590.4947654
252,415,589.6932272
264,415,589.2215356
277,416,588.7693459
289,415,588.3222637
301,416,588.1352805
315,417,587.7157068
327,417,587.7427678
339,417,587.3504235
349,417,587.5387558
359,417,587.1704591
369,417,587.4639272
378,418,587.1195841
388,417,587.4361911
399,417,587.1196795
412,418,587.4222722
419,418,587.1336458
427,418,587.3766259
435,418,587.1113421
442,419,587.3059361
453,419,587.0679892
465,419,587.2221809
480,419,587.0272822
494,419,587.1263174
506,420,586.975255
513,420,587.0039534
518,419,586.8740427
524,419,586.8036136
526,419,586.6882954
530,420,586.4970533
531,420,586.3913011
526,419,586.0625415
512,419,585.9237595
486,419,585.4064104
451,418,585.1684082
408,417,584.3753512
367,417,584.0213523
329,416,582.9950759
299,415,582.5652702
276,415,581.3796993
260,415,580.9144085
246,415,579.5856218
236,415,579.1019306
230,414,577.6447914
225,414,577.1545789
223,414,575.6502483
227,414,575.1639071
235,415,573.6571913
244,414,573.1871248
254,415,571.7206232
265,415,571.2715571
278,415,569.8104315
292,415,569.3901018
310,415,567.9893148
331,416,567.6140943
353,416,566.575136
376,417,566.2579995
395,417,565.7190452
413,417,565.4547727
428,418,565.3278634
440,418,565.1049478
450,418,565.2983624
458,418,565.1040984
464,418,565.4685964
467,418,565.2887775
468,418,565.7272546
471,418,565.5536349
479,419,566.055566
488,419,565.9101996
498,419,566.5549426
509,419,566.4456691
520,418,567.229923
531,419,567.1597729
538,419,568.030869
544,419,567.983822
550,419,568.9071706
553,419,568.8758002
558,419,569.8320992
562,420,569.8165424
570,419,570.8058081
575,419,570.8142272
582,420,571.8337605
589,420,571.8686073
596,419,572.9214693
601,420,572.9789996
606,420,574.055818
614,420,574.1384798
616,420,575.2374224
620,420,575.3304233
626,420,576.4531277
635,420,576.5761546
644,420,577.7385756
652,420,577.8966222
659,420,579.0942101
663,420,579.274151
664,420,580.4830671
664,420,580.6620893
663,420,581.868609
664,420,582.0444382
665,420,583.2540687
667,420,583.4335575
668,420,584.651963
668,421,584.8305139
663,421,586.0380954
655,420,586.1841161
638,420,587.3354662
614,420,587.3900033
581,420,588.4237615
542,420,588.3345698
499,420,589.2186379
455,419,588.9807263
412,418,589.729808
368,418,589.3696056
331,417,590.0180952
303,417,589.5835208
280,416,590.17798
264,415,589.7057063
251,415,590.2761251
243,415,589.7856814
240,415,590.3463591
243,415,589.8558332
248,415,590.42255
253,416,589.9403427
263,415,590.5194938
277,416,590.0587293
293,416,590.6676176
312,416,590.2415997
331,417,590.8895573
349,417,590.504674
365,417,591.1929789
383,417,590.84981
400,417,591.583094
416,418,591.2839656
430,418,592.0603846
445,419,591.8027357
456,419,592.6184635
466,419,592.3922366
473,419,593.2350087
479,420,593.0285002
485,419,593.8910381
489,420,593.6997507
494,419,594.5768472
498,419,594.399354
504,419,595.2929593
503,420,595.1226579
505,420,596.0183216
508,420,595.8552609
513,419,596.7649645
519,420,596.6195505
527,420,597.5553454
537,420,597.4403602
546,420,598.4106505
556,420,598.3288293
563,421,599.330978
569,420,599.2718482
574,420,600.2951846
577,420,600.2494965
582,420,601.2885346
587,420,601.2602964
592,420,602.3184914
597,421,602.3079013
599,421,603.3808473
606,421,603.386097
612,420,604.4847323
619,421,604.5141107
624,421,605.6381404
630,421,605.687842
635,421,606.8342654
636,421,606.8939957
635,421,608.0392631
634,421,608.0922907
635,421,609.2370537
635,421,609.2896667
637,422,610.4381044
639,421,610.4965618
645,421,611.6567108
649,421,611.7336724
654,422,612.8574913
656,421,612.9468068
650,421,613.9333288
635,421,613.9761836
610,421,614.6989944
576,421,614.6240282
532,421,614.9688019
484,421,614.7347119
435,420,614.671915
385,419,614.2982745
343,418,613.8341019
309,418,613.3756451
285,417,612.520117
266,417,612.0229113
252,416,610.7634058
242,416,610.2483118
233,416,608.6485259
229,416,608.1258126
233,416,606.3189998
244,416,605.8106602
257,416,603.924271
271,417,603.4417602
285,417,601.5120627
296,417,601.0560373
308,417,599.100575
321,417,598.6733149
335,418,596.7162009
348,417,596.3223055
363,418,594.3826119
379,418,594.0297888
396,418,592.1080813
407,419,591.7956522
419,419,589.8909243
432,420,589.6173403
442,420,587.7318295
452,420,587.4916629
459,420,585.6243435
464,420,585.4063136
466,420,583.529876
467,420,583.3200494
467,420,581.4374196
467,420,581.2310315
469,420,579.3374974
468,420,579.1361843
468,420,577.239398
472,420,577.0480743
478,420,575.1566764
483,420,574.9871042
488,420,573.1016428
493,421,572.9526158
497,421,571.0623191
504,421,570.936056
507,421,569.0622864
511,421,568.9520753
514,421,567.2127825
519,421,567.1204475
523,421,565.8900805
529,421,565.8187006
536,421,565.1243501
542,421,565.0790458
548,421,564.7670117
554,421,564.7456826
561,421,564.6491719
559,421,564.63793
559,421,564.553886
559,421,564.5428327
558,421,564.2892918
558,422,564.2767831
556,422,563.7378546
555,421,563.7205141
554,421,562.7341641
555,422,562.7188019
558,422,561.3578389
561,422,561.3571234
569,422,559.7993432
575,422,559.8301564
578,422,558.1829201
577,422,558.2211873
568,422,556.4747886
552,422,556.465875
524,421,554.5911618
489,421,554.4677231
448,420,552.42202
403,419,552.1635319
358,418,549.9757801
321,418,549.6130402
293,418,547.3258638
272,417,546.9135562
256,417,544.562215
244,417,544.1268069
236,417,541.746258
229,416,541.3011288
225,417,538.8929664
225,416,538.4478322
228,416,536.0168543
233,416,535.5819433
241,417,533.1469792
249,417,532.7299616
260,417,530.2907056
270,417,529.8977411
284,417,527.4713604
298,417,527.1121247
313,418,524.6933774
330,418,524.3761379
347,418,521.9857472
364,419,521.7175232
381,419,519.3537876
394,419,519.1332892
406,419,516.7976971
416,419,516.6157295
425,420,514.2908537
432,419,514.1394169
438,420,511.8202594
443,420,511.6918565
448,420,509.35974
452,420,509.2514683
454,420,506.9318552
458,420,506.8387061
461,421,504.5158516
462,420,504.4343961
465,420,502.0993403
468,421,502.0334531
473,421,499.6973794
476,421,499.6511063
482,421,497.3236528
490,421,497.3091131
500,421,494.9980365
505,421,495.0182421
509,422,492.7102646
515,421,492.7558503
518,421,490.4478404
523,421,490.5151007
528,422,488.2283111
535,422,488.3263253
541,421,486.0422741
547,421,486.1718174
551,422,483.8921069
553,422,484.0401698
557,421,481.7636687
559,422,481.930495
560,421,479.6467241
563,422,479.8278816
565,421,477.5416149
567,422,477.73725
568,422,475.4438745
573,422,475.6589556
578,422,473.3601987
580,422,473.597443
582,422,471.3136292
584,422,471.5658766
586,422,469.2741848
587,422,469.5390953
586,422,467.2333721
581,423,467.4885368
569,423,465.1262138
546,422,465.3019901
514,422,462.8069062
476,421,462.8336677
437,420,460.1489673
392,419,460.0227451
351,419,457.1673523
317,418,456.9299312
290,418,453.9625337
271,418,453.6702547
256,417,450.6455957
248,417,450.3313203
246,417,447.2539079
251,417,446.9474108
259,417,443.8626749
268,418,443.5805383
281,418,440.4841934
291,418,440.2358845
303,418,437.1509716
314,418,436.9393116
328,419,433.8523525
344,419,433.6912266
361,419,430.6273096
381,419,430.5337641
403,420,427.5032703
424,420,427.4962924
445,421,424.543428
466,421,424.6303804
484,421,421.8484636
499,422,422.0168433
510,422,419.6106316
520,422,419.8353677
529,422,418.0719248
534,422,418.3358436
540,422,417.5421138
544,422,417.8332275
550,422,417.9714203
548,422,418.2718207
551,423,418.8423472
555,422,419.1588052
561,422,419.9387755
567,422,420.2842562
573,422,421.1877756
581,422,421.5678664
587,422,422.5554499
593,423,422.9648922
599,423,424.0101546
605,423,424.449163
612,422,425.5460267
619,423,426.0206145
627,423,427.1709541
634,423,427.6844468
640,423,428.8778643
645,423,429.4186768
646,423,430.6324612
650,423,431.1825924
653,423,432.416934
656,423,432.979339
660,423,434.237973
662,423,434.8125803
664,423,436.0835628
664,423,436.6581363
665,424,437.9304833
666,423,438.5050216
671,424,439.7957624
674,424,440.3884921
676,424,441.6927631
679,424,442.2944653
682,424,443.6153369
673,424,444.1923412
665,424,445.4607441
657,424,445.9839706
648,424,447.2017316
639,423,447.6673452
626,423,448.8213288
609,423,449.1986932
582,423,450.2335333
551,423,450.4575629
513,423,451.3234513
473,423,451.3678433
434,422,452.0680159
393,421,451.9575843
354,420,452.5193228
322,420,452.2958744
299,420,452.7775315
285,420,452.5040641
276,419,452.9575268
274,419,452.6702243
276,419,453.1212462
281,419,452.8422993
287,419,453.3097898
295,419,453.0483815
305,419,453.5378873
318,419,453.3072578
330,420,453.8320538
344,420,453.6389291
360,421,454.2096728
377,420,454.0683561
396,421,454.7002602
414,421,454.6224961
433,422,455.3213844
445,422,455.3009752
456,423,456.0442442
465,423,456.0623313
472,422,456.8375895
480,423,456.8850862
490,423,457.7002261
500,423,457.7887264
509,423,458.6438186
516,423,458.7656875
520,423,459.6455897
522,423,459.7787381
526,424,460.6715213
528,424,460.8159958
532,424,461.7234791
535,423,461.8816342
538,423,462.8030568
541,424,462.972632
544,424,463.9080894
548,424,464.0914802
555,424,465.0512631
560,424,465.2604991
563,424,466.2411346
570,424,466.4716862
578,424,467.4888851
587,424,467.7583821
596,425,468.8196815
603,424,469.1263455
608,425,470.2180772
609,424,470.5364938
608,425,471.6286157
607,425,471.9381125
609,424,473.0323744
605,424,473.3330308
605,425,474.4166041
606,425,474.716172
609,425,475.8095833
613,425,476.1234168
618,425,477.2404246
625,425,477.58157
631,425,478.7312495
638,425,479.1026299
644,425,480.2862853
648,425,480.6801161
650,425,481.878368
648,425,482.2677223
644,425,483.449935
639,425,483.8109486
630,425,484.9539965
616,425,485.2514091
596,425,486.3064321
571,425,486.4905343
538,425,487.4076923
500,424,487.4332016
457,424,488.185902
415,423,488.050483
371,422,488.6558309
333,422,488.3940315
301,422,488.9015908
279,421,488.5717941
261,421,489.031807
249,420,488.669424
239,420,489.1045005
233,420,488.7262465
228,420,489.1432246
224,420,488.7565079
227,420,489.1523198
233,420,488.7740071
241,420,489.1522829
247,420,488.7877187
255,420,489.1376035
265,420,488.7919128
276,421,489.1092329
289,420,488.7907814
301,421,489.0770601
316,421,488.7920724
331,421,489.0515872
347,422,488.8086845
361,422,489.0516855
375,422,488.8501386
388,422,489.0765254
400,423,488.9145692
408,422,489.1107775
415,423,488.9737662
417,423,489.1124349
418,423,488.9805313
418,423,489.0671461
421,423,488.9404688
424,424,488.9779001
427,423,488.8617862
431,423,488.8169412
434,423,488.7134436
439,424,488.5729578
444,424,488.4878709
448,424,488.2987747
454,424,488.2325819
461,423,488.0265688
464,424,487.9796963
468,424,487.7625802
472,424,487.7315635
473,424,487.5729183
476,424,487.5500467
477,424,487.6027326
480,424,487.5876455
483,424,487.9366232
488,424,487.93675
495,425,488.5226164
502,424,488.5499422
511,424,489.279598
517,424,489.336606
522,425,490.1462483
525,424,490.2184289
528,425,491.0671236
531,424,491.1502296
533,425,492.0146001
535,425,492.1043182
537,424,492.9501757
537,425,493.0422031
536,424,493.8456145
536,425,493.9335137
537,425,494.6831115
539,425,494.7757068
539,425,495.44288
539,425,495.5338152
535,425,496.0709776
523,424,496.1262944
504,424,496.4767087
476,424,496.4365982
440,423,496.564276
392,422,496.3771308
346,422,496.2839465
312,421,495.9837175
285,420,495.7692026
265,420,495.4149554
251,420,495.14704
240,420,494.768077
231,420,494.4248313
225,419,494.0326426
220,420,493.597162
217,419,493.1988037
215,419,492.6644136
213,419,492.2636753
213,419,491.6573582
218,419,491.2622029
227,419,490.6183902
236,420,490.2411488
245,419,489.5726512
257,420,489.2178615
272,420,488.5164589
289,420,488.1988079
305,421,487.4711193
322,420,487.1962685
340,421,486.4481819
357,421,486.223681
369,421,485.4571694
381,422,485.2706956
389,422,484.4915294
395,422,484.3290493
400,422,483.4997104
404,423,483.3537607
405,422,482.4362315
407,422,482.2971346
407,422,481.3080499
408,422,481.1725803
408,422,480.1640459
409,423,480.0322468
410,422,479.0252168
413,422,478.902251
415,422,477.8852756
417,422,477.7712486
419,423,476.7453873
423,423,476.6439447
430,422,475.6833098
437,423,475.6090832
444,422,474.8485593
452,423,474.8039595
461,423,474.3957152
473,424,474.3929279
485,424,474.4018996
499,424,474.4523685
512,423,474.8367529
523,424,474.9379538
531,424,475.5834324
541,424,475.7232431
547,424,476.5175421
555,424,476.6874028
559,424,477.5645273
565,425,477.7553684
569,424,478.6675896
572,425,478.8724089
577,425,479.7853729
582,424,480.0115249
589,424,480.9112822
591,425,481.1565982
596,425,481.9962227
604,425,482.2710338
612,425,483.0511265
619,425,483.3611859
624,425,484.0719071
625,425,484.3946841
619,425,484.9833375
604,425,485.2505044
579,425,485.6381088
544,425,485.7618305
503,424,485.8935842
458,424,485.8393953
412,422,485.7416555
371,421,485.5392343
336,421,485.2797553
309,421,484.9911442
290,421,484.6341615
281,420,484.3123496
278,421,483.9083639
282,420,483.5886868
289,421,483.1830022
297,420,482.8822838
307,421,482.4564919
317,421,482.1822436
325,421,481.7082683
336,421,481.4608624
347,422,480.92979
359,421,480.716796
371,422,480.1495049
387,422,479.9812476
406,422,479.4231462
421,423,479.3134069
439,423,478.7678302
458,423,478.7271937
475,424,478.199309
491,424,478.2252524
504,424,477.7151594
515,424,477.7926328
523,424,477.2556904
529,424,477.3647767
533,425,476.7886438
537,424,476.9166531
540,425,476.3097668
543,425,476.4524635
544,424,475.8585322
546,424,476.0091302
547,424,475.4179787
548,425,475.5741982
548,424,474.9678251
551,425,475.1320322
554,425,474.4893131
558,425,474.6709976
562,425,474.001577
570,424,474.212969
577,425,473.6465244
587,425,473.9002912
596,425,473.6378698
609,426,473.9471785
624,426,474.1516208
636,425,474.5304121
648,426,475.1795568
662,425,475.6264374
678,425,476.6213926
686,426,477.131856
694,426,478.3008063
702,426,478.8525097
709,426,480.1270623
715,426,480.71135
719,426,482.0462646
724,426,482.6512364
728,426,483.9969422
722,426,484.5896223
714,427,485.8392672
706,426,486.3790559
700,426,487.5266849
694,426,488.0268189
690,426,489.0858574
687,426,489.5615426
685,427,490.5339367
683,427,490.994169
676,426,491.8559245
665,427,492.2629947
646,427,492.9488362
619,426,493.2330889
585,426,493.6865532
551,426,493.8078189
514,426,494.027676
478,426,493.9961397
444,425,494.026952
414,424,493.8798396
388,424,493.797089
368,424,493.5774934
352,424,493.4380978
340,424,493.1788661
333,423,493.0064022
324,424,492.7262465
319,424,492.5284037
317,424,492.2398176
316,423,491.9962649
318,423,491.7097233
322,424,491.4330543
330,423,491.163144
341,424,490.8703019
355,424,490.6361136
371,424,490.3505126
389,424,490.1687261
407,425,489.9077292
425,425,489.7864984
441,426,489.5429917
457,426,489.480065
470,425,489.233188
483,426,489.2208009
492,426,488.9630351
500,426,488.9853577
508,426,488.7188314
515,426,488.7728041
518,426,488.5313744
524,427,488.6048813
529,426,488.3912448
534,426,488.4867122
534,427,488.295118
536,427,488.3951781
537,426,488.2145152
535,426,488.3125597
536,426,488.1066217
538,426,488.2114972
543,426,487.9627109
544,427,488.0812064
548,426,487.8173609
549,426,487.9473824
551,426,487.7714999
556,426,487.9174787
564,427,488.0046733
575,427,488.1941356
584,427,488.6378351
595,427,488.8736544
603,427,489.6342936
608,427,489.8995673
612,427,490.8287213
616,427,491.110904
619,427,492.1285187
620,427,492.4174022
620,427,493.471836
620,428,493.7572521
619,428,494.8229436
621,428,495.1073904
621,428,496.1677427
621,427,496.4487345
626,428,497.4936521
633,428,497.8014785
637,428,498.8331575
637,428,499.1476615
633,428,500.1110558
629,428,500.4019664
623,428,501.2655807
610,428,501.5065782
591,427,502.2011669
564,427,502.3323521
530,427,502.7965859
485,427,502.7616214
439,426,502.9760191
393,426,502.7800752
350,425,502.7960957
315,425,502.4905531
288,424,502.3855496
269,423,502.027071
253,423,501.8494672
242,423,501.4641662
233,423,501.2440715
227,423,500.8454712
223,422,500.5945503
218,422,500.1887264
216,422,499.9113909
213,422,499.5020661
213,422,499.1901678
212,422,498.7808437
213,422,498.4225819
219,422,498.0202225
229,423,497.6084831
243,422,497.2293958
259,423,496.8060532
276,423,496.4624598
293,424,496.0393897
312,424,495.7395022
328,424,495.3114888
345,424,495.056415
360,424,494.616584
372,424,494.401701
383,425,493.9590987
392,425,493.7761922
402,425,493.3350128
406,425,493.175778
411,425,492.7317944
417,426,492.5919508
423,426,492.1459899
429,426,492.0277858
434,426,491.5785257
439,426,491.4789823
444,426,491.0061793
450,426,490.9275853
454,426,490.4524985
457,426,490.387871
464,426,489.9132126
470,427,489.8741941
475,426,489.4335014
479,427,489.4128564
482,427,489.1055986
486,427,489.0994071
492,427,489.0799653
500,427,489.1020487
507,428,489.4126024
512,427,489.4588175
513,427,490.0297443
514,427,490.0788549
515,427,490.7895688
517,427,490.8433864
522,428,491.6314891
528,427,491.7069107
534,428,492.5283061
535,427,492.6169039
534,427,493.4073547
534,427,493.4918723
536,427,494.2368624
535,428,494.3217434
537,428,495.0151452
542,428,495.1135648
547,427,495.757573
553,428,495.8786525
555,428,496.4409645
554,427,496.5627413
545,427,496.9690055
528,427,497.0330009
500,427,497.1980025
463,426,497.1319543
421,425,497.0132718
374,425,496.7976449
332,424,496.4476493
300,423,496.1323896
277,423,495.6431542
259,423,495.2827213
246,422,494.7124567
236,422,494.3301791
229,422,493.7095282
224,422,493.3172934
219,422,492.6662787
216,421,492.2681525
213,421,491.5582478
212,421,491.1579583
211,422,490.3818417
210,422,489.9812262
212,422,489.1396213
217,422,488.7465928
228,422,487.8560803
243,422,487.489124
263,423,486.5614639
282,423,486.2382358
304,424,485.2764888
327,424,485.0114865
348,423,484.0410018
368,424,483.8366956
385,424,482.8883186
398,424,482.7334399
408,425,481.7833979
417,425,481.6625271
424,425,480.700322
431,425,480.6060507
439,426,479.6500415
442,425,479.5776913
445,426,478.6203138
451,426,478.5666641
458,426,477.5905479
469,426,477.573521
480,426,476.6083771
492,426,476.6396563
503,427,475.7182883
512,426,475.7936128
518,426,474.9944225
524,427,475.0974784
528,426,474.4142386
533,427,474.5386286
536,427,474.009872
542,427,474.1555821
550,427,473.9124941
558,427,474.0955537
569,427,474.2257903
581,427,474.46332
597,427,474.9671964
604,427,475.2602256
611,428,476.0400743
616,428,476.3610354
621,428,477.2897201
624,428,477.6281168
626,428,478.6104909
630,427,478.9610276
634,428,479.9562689
640,428,480.3295785
647,428,481.3297109
656,428,481.742261
666,428,482.7426861
674,428,483.2007574
682,428,484.1772436
688,428,484.6704406
693,429,485.5863097
696,428,486.0980436
693,428,486.8978548
683,428,487.3688131
663,428,487.9679246
634,428,488.3035757
594,428,488.6463778
550,427,488.7767711
504,427,488.8582215
459,427,488.8003253
415,426,488.6384585
379,425,488.4437429
349,425,488.1052258
328,425,487.8374586
315,425,487.4148279
309,425,487.1232185
311,424,486.6674866
312,425,486.3807562
318,425,485.9034826
327,425,485.6375686
336,425,485.1557918
346,425,484.9173352
358,425,484.4357811
373,425,484.2385032
389,426,483.7502958
407,426,483.6089515
429,426,483.1447191
452,427,483.0844336
476,427,482.6305839
499,428,482.6638768
518,427,482.2120622
535,427,482.323404
549,427,481.8942021
562,428,482.0676986
569,428,481.6893306
577,428,481.8987653
582,428,481.553573
585,428,481.7826336
585,428,481.4519977
585,428,481.6813096
584,428,481.3200952
583,428,481.5448826
583,428,481.1269274
589,428,481.3667999
597,428,480.9147138
604,428,481.1923067
615,428,480.7238259
628,429,481.0633784
642,428,480.6490831
648,429,481.0418921
656,429,480.7057479
664,429,481.1420289
670,429,480.942149
677,429,481.413957
683,429,481.4493212
686,429,481.9450736
685,429,482.2818757
685,429,482.7722714
683,429,483.4328398
683,430,483.9141184
687,429,484.8607345
692,429,485.3632454
698,429,486.5063008
707,429,487.0469197
714,429,488.3143986
718,429,488.8814764
718,429,490.1978313
722,429,490.7707143
725,429,492.1251857
726,429,492.7037406
726,428,494.0522921
724,429,494.6188876
718,429,495.9158973
710,429,496.4362114
701,429,497.6510093
694,429,498.1209552
689,429,499.2524813
681,428,499.6819548
666,429,500.6891583
645,429,501.0192651
617,429,501.8220728
576,429,501.9813682
531,429,502.5060683
483,429,502.4678119
434,428,502.7275564
388,427,502.5242422
345,426,502.589772
313,426,502.2820164
288,426,502.2553203
269,425,501.8970094
255,425,501.8270507
245,425,501.4446909
243,425,501.3415529
244,425,500.9588187
251,425,500.8384813
261,426,500.4735238
271,426,500.3414826
283,426,500.001094
292,426,499.8576771
302,426,499.5401786
313,426,499.3790673
325,427,499.0911179
339,427,498.9349077
357,427,498.6913554
376,427,498.5703107
395,428,498.3846506
412,428,498.3046307
429,428,498.1756437
443,429,498.1213243
456,429,498.0406369
468,429,497.9803559
478,429,497.9411953
489,429,497.857993
493,430,497.8483243
497,430,497.7411441
499,430,497.743665
499,430,497.6148199
499,430,497.6175941
499,430,497.4691902
498,429,497.4702524
498,430,497.306557
501,429,497.3139712
504,430,497.1663532
509,430,497.1903016
515,429,497.0563308
522,429,497.1074673
529,429,496.9984375
535,430,497.0773401
542,430,497.0392318
548,430,497.1463668
553,429,497.292211
559,430,497.4232664
564,430,497.8627367
569,429,498.0151524
571,429,498.7329175
575,430,498.8970876
577,430,499.7607263
580,430,499.9340577
580,430,500.8666437
583,430,501.0443473
586,430,502.0242172
586,430,502.2061828
587,429,503.2053669
589,429,503.3915494
595,430,504.4172753
595,430,504.6146688
597,430,505.6425068
601,430,505.8511619
603,429,506.8648636
607,429,507.0848686
609,430,508.0757423
613,429,508.3072063
616,429,509.2531744
613,429,509.4817524
601,430,510.315082
578,429,510.4594088
548,429,511.0828988
506,429,511.0727835
459,429,511.446246
407,428,511.2586488
358,427,511.419732
321,427,511.1096986
292,426,511.155338
271,426,510.7877269
256,426,510.781383
244,425,510.3870081
235,425,510.3548237
228,425,509.9461638
223,426,509.8990607
219,425,509.4830517
216,426,509.4192477
215,425,509.0003969
215,426,508.9200578
218,425,508.50435
225,426,508.4151019
238,426,508.0179446
257,426,507.9158878
275,426,507.5567377
297,427,507.446928
321,427,507.1424474
345,428,507.0238242
369,428,506.7852938
389,429,506.6348604
407,428,506.455153
420,429,506.251773
430,429,506.1107349
436,430,505.8564673
440,429,505.7333131
442,429,505.4239317
441,429,505.3032812
439,429,504.9389693
437,430,504.8122166
435,430,504.4014032
433,429,504.2686903
435,430,503.81516
443,430,503.7008577
452,430,503.2268201
459,430,503.1422463
464,429,502.6409692
471,430,502.5796753
476,430,502.0240316
482,430,501.9847806
487,430,501.4038968
495,430,501.3911706
504,430,500.9061768
511,430,500.9265675
519,430,500.7047078
529,430,500.762894
541,430,500.924288
543,430,501.0119659
547,430,501.4973951
553,430,501.6056778
558,430,502.3135154
561,430,502.4377295
562,430,503.2452181
564,430,503.3740458
564,430,504.1988089
565,430,504.3277268
566,430,505.1277225
568,430,505.261275
573,430,506.0318908
578,430,506.1860389
584,430,506.9352451
588,430,507.1103075
592,430,507.8178511
596,430,508.009492
598,430,508.656559
601,430,508.8579704
601,430,509.4052113
594,430,509.5884163
577,430,509.9621209
554,430,510.0539913
522,429,510.1835007
484,429,510.132475
441,428,510.0057192
397,428,509.8047077
357,427,509.4782962
321,426,509.1709732
293,427,508.7233638
273,426,508.3610135
259,426,507.8464335
245,426,507.4566326
236,426,506.9017862
231,426,506.4999941
228,426,505.9240103
232,426,505.5243159
239,426,504.9467382
250,426,504.5654229
263,426,503.9801941
278,427,503.6294392
296,428,503.0332403
317,428,502.7298817
341,428,502.1146665
367,428,501.8807408
393,429,501.2419266
418,429,501.0892435
442,430,500.3940471
464,430,500.3239011
482,430,499.5713172
498,430,499.5681795
512,430,498.727935
523,430,498.7776579
531,430,497.8855028
541,430,497.9754572
552,430,497.0465396
561,430,497.1826566
569,430,496.2341571
577,430,496.4088033
586,430,495.4764877
591,430,495.6859066
596,430,494.8618621
601,430,495.0968471
607,430,494.3716422
608,430,494.6249508
610,430,493.9533214
612,430,494.2175553
612,430,493.574598
612,430,493.8397918
614,430,493.2747408
617,429,493.5531461
620,430,493.2028509
625,430,493.5015745
631,430,493.4932067
638,430,493.8244243
647,429,494.168823
655,430,494.5426877
661,429,495.17638
666,430,495.5767953
671,429,496.4048161
675,430,496.8260822
677,429,497.7643465
680,429,498.1953492
683,429,499.1976067
685,429,499.6381731
685,429,500.6731481
689,429,501.1204406
692,429,502.1770879
694,429,502.6337991
695,430,503.6754868
698,429,504.1388955
702,429,505.1409276
706,429,505.6222839
706,429,506.5432006
705,429,507.0176447
707,429,507.8285357
703,429,508.293675
697,429,508.9651354
682,429,509.3698715
656,428,509.8331292
620,429,510.0772098
574,429,510.2688827
526,428,510.3008289
477,429,510.2314065
429,428,510.0818542
386,428,509.8191062
349,427,509.5481253
322,427,509.1513884
301,427,508.8200743
288,427,508.3657379
280,426,508.0114684
277,426,507.5382865
280,427,507.1850964
285,427,506.7141309
293,427,506.3767273
303,427,505.8965315
312,427,505.5829566
321,428,505.1010316
332,427,504.8140707
345,428,504.339706
360,428,504.0922753
378,428,503.5916571
399,429,503.4041617
420,429,502.8758856
440,429,502.7579815
461,429,502.2235967
481,430,502.1820447
500,430,501.6793501
513,430,501.7022464
524,430,501.2201285
533,430,501.285699
538,430,500.8296123
538,430,500.9067059
535,430,500.4430642
531,430,500.5060399
529,429,500.0234604
526,430,500.0767601
526,430,499.5438681
526,429,499.5981785
530,430,499.0342015
536,429,499.1108654
542,429,498.6017764
548,429,498.7054562
556,429,498.2986545
564,430,498.4387003
569,429,498.247335
578,430,498.4195763
590,430,498.5811773
599,430,498.8021913
608,430,499.3468821
615,430,499.6049079
621,430,500.4335755
626,430,500.7161352
630,429,501.7003533
633,430,501.9972271
637,429,503.0643652
639,429,503.3728737
641,429,504.4832829
642,429,504.7957052
645,429,505.9329841
641,429,506.2390838
639,429,507.3711195
640,429,507.6709584
640,429,508.8085576
644,429,509.114769
647,429,510.2637987
652,429,510.5865392
658,429,511.7277524
666,429,512.0826828
670,430,513.1926474
674,430,513.5645159
678,429,514.6174854
679,429,514.9986175
676,429,515.9619593
667,429,516.3081328
648,429,517.1196704
617,429,517.3386763
577,429,517.9198199
531,429,517.94631
480,429,518.2793909
427,427,518.1128815
377,427,518.2439093
336,427,517.9434216
304,427,517.9389941
281,427,517.5733784
263,426,517.4881389
249,427,517.0903093
240,426,516.9456273
233,426,516.5335362
227,426,516.346055
225,426,515.9275841
229,426,515.6991888
230,426,515.2859032
233,426,515.0228199
240,427,514.6194788
250,427,514.3445037
265,427,513.9665534
281,427,513.6761025
300,427,513.3375225
320,428,513.0382466
340,428,512.750452
359,429,512.4854541
377,429,512.2502474
393,428,512.0239477
406,429,511.8338187
415,429,511.6045841
423,430,511.4426947
428,430,511.1945576
432,429,511.0484165
432,429,510.808142
437,429,510.6711721
439,429,510.4356326
439,429,510.3027415
438,429,510.0476519
438,429,509.9137162
439,429,509.6143813
440,429,509.4846455
442,429,509.1698714
446,429,509.051355
451,429,508.828339
456,430,508.7281573
462,430,508.7436764
470,430,508.6691341
480,430,509.00789
486,430,508.9629122
494,430,509.5587997
503,431,509.5457663
515,430,510.2945415
526,430,510.3264347
536,431,511.1729978
547,430,511.2471574
554,430,512.1590258
560,430,512.2591668
565,430,513.2109127
567,430,513.3241159
567,430,514.2888157
565,430,514.3952274
561,429,515.3501932
556,430,515.4346923
551,430,516.3616142
547,430,516.4247051
542,429,517.2959774
539,429,517.3402942
537,429,518.1286003
537,430,518.1670291
536,429,518.8558516
537,430,518.8927731
538,429,519.4759403
540,430,519.5177976
539,429,520.0070583
536,429,520.039535
529,429,520.443866
512,429,520.427115
486,429,520.6994871
452,429,520.5711363
410,428,520.6693107
359,427,520.3960991
320,427,520.3417715
292,427,519.985169
270,427,519.8185729
254,426,519.4227161
243,427,519.1455984
234,427,518.7317611
227,426,518.3558407
221,427,517.9315341
217,427,517.4911073
213,427,517.0611086
212,427,516.5752918
210,427,516.1439063
209,427,515.6175879
209,426,515.186506
209,427,514.593415
211,427,514.1651602
216,427,513.4820422
230,427,513.071418
247,428,512.2955607
268,428,511.9233302
289,428,511.1257017
312,428,510.8049256
333,429,510.0133756
352,428,509.7462349
368,429,508.9721262
382,429,508.7498088
394,429,507.9663252
401,429,507.7748812
406,429,506.9330076
408,429,506.7544178
409,429,505.8168041
406,429,505.6368361
405,429,504.6077506
407,429,504.4313848
408,429,503.3501194
412,429,503.1839703
417,430,502.1481011
424,429,502.0039462
430,429,501.1956766
439,430,501.0789898
447,430,500.669992
456,430,500.5846302
466,430,500.5907232
476,430,500.5427474
487,430,500.8866367
498,431,500.8808801
505,430,501.433752
512,430,501.4551067
517,430,502.102184
523,430,502.1448476
530,430,502.8208185
538,430,502.8936329
544,430,503.5721814
550,430,503.6693082
554,430,504.3213857
554,430,504.4256258
551,430,505.0028552
547,431,505.0903345
543,430,505.5523418
538,430,505.6193153
536,430,505.9256027
536,430,505.9875354
539,430,506.1280522
538,430,506.1937989
540,430,506.1805028
545,430,506.2611125
549,430,506.1432485
556,430,506.2478622
561,430,506.0782453
564,429,506.2007033
561,430,505.9829379
549,430,506.0726213
524,430,505.7680819
487,429,505.7312409
444,428,505.2792141
392,428,505.0780118
345,427,504.4573147
310,427,504.1432614
285,427,503.3758063
265,427,503.011807
250,426,502.1004578
239,427,501.7119712
231,427,500.6583722
225,426,500.2586711
220,427,499.1105054
217,427,498.7055765
215,427,497.4738228
213,427,497.0673818
211,427,495.7644792
211,427,495.3583511
213,427,494.0464531
220,427,493.6502142
233,427,492.3596165
251,427,491.9950792
274,427,490.7027842
296,428,490.3905342
320,429,489.0725446
343,429,488.8239642
365,429,487.4832899
384,429,487.2982557
399,429,485.9801739
412,429,485.8434563
421,429,484.5229292
429,430,484.4182346
434,430,483.1170025
437,429,483.0291627
438,430,481.7944206
438,430,481.7108054
438,430,480.5671687
437,430,480.4839768
436,429,479.4035205
434,430,479.3170057
431,429,478.3877734
430,430,478.2958833
433,430,477.6749383
436,429,477.5952177
436,429,477.3915472
436,429,477.3123464
437,430,477.4800398
442,430,477.4117112
447,430,477.8538066
452,430,477.8034952
457,430,478.3941785
460,430,478.358096
463,430,479.0240433
466,429,478.9983486
473,430,479.6977443
477,430,479.6923639
487,430,480.3940204
502,430,480.4382021
518,430,481.158478
537,430,481.2766273
553,430,482.0275668
567,430,482.2124553
577,430,482.9637979
585,430,483.1893749
590,431,483.8922767
596,430,484.1424005
610,430,484.7816917
626,430,485.1051577
641,429,485.7087935
656,429,486.1089158
666,430,486.6768216
671,430,487.1150809
668,430,487.6002893
660,430,488.005875
643,429,488.3536327
617,429,488.6447278
577,429,488.7999169
527,429,488.8792959
471,429,488.8031311
408,428,488.6548598
356,428,488.3851699
319,427,488.1050666
291,427,487.7434729
270,427,487.4050759
253,426,486.9700315
241,427,486.6021928
234,426,486.0950162
225,426,485.7129173
220,426,485.1313336
216,427,484.7422181
213,427,484.0932892
211,426,483.7010048
209,427,482.9948364
208,426,482.6012557
207,426,481.8405303
207,427,481.4474572
206,427,480.6508551
209,427,480.2609249
223,427,479.4487441
241,427,479.0903026
264,428,478.3010305
284,427,477.9912593
297,427,477.2147796
304,428,476.9311376
302,428,476.147215
303,428,475.8637998
304,428,475.0435989
303,428,474.761736
300,428,473.9120924
295,427,473.6217225
286,428,472.7197266
275,428,472.4068818
260,427,471.438937
248,428,471.0978348
238,427,470.082933
230,427,469.7252474
224,427,468.8189121
221,427,468.4541301
219,427,467.8357132
217,428,467.4683861
218,427,467.231946
222,428,466.8700547
226,427,466.9512576
229,427,466.5964766
236,427,466.842734
241,427,466.5001779
243,427,466.8256874
244,427,466.486272
245,428,466.8521993
249,427,466.5180339
256,427,466.9162554
269,428,466.6042113
285,428,467.0465104
307,428,466.7811864
332,429,467.2839979
357,429,467.0894176
381,429,467.6384066
404,429,467.519775
425,430,468.0713873
444,430,468.0244801
460,430,468.53673
478,431,468.5558473
496,431,469.0055163
511,431,469.0932573
523,431,469.4703471
535,431,469.6105322
545,431,469.9438226
552,431,470.1222288
556,431,470.4342747
554,430,470.6162152
546,430,470.8923903
523,430,471.0023588
495,430,471.1792778
462,430,471.1610977
427,429,471.2198067
390,428,471.0713428
353,428,470.9884715
324,427,470.7403021
301,427,470.5214606
285,427,470.2234724
272,427,469.9206943
261,426,469.5956239
255,427,469.2255804
252,427,468.8915738
253,427,468.4675674
256,427,468.138879
263,427,467.6531545
272,427,467.3436016
284,427,466.8069917
298,427,466.5303398
312,428,465.9446263
328,428,465.7095168
341,428,465.1242427
356,428,464.9315563
377,429,464.3540561
401,429,464.2359766
424,430,463.7205921
446,430,463.6858268
462,430,463.234243
470,430,463.2478732
471,430,462.8009112
469,430,462.8133922
464,430,462.3088372
447,430,462.2787254
431,429,461.6554923
414,429,461.5650918
400,429,460.8424085
389,429,460.7099044
380,428,459.9215821
377,428,459.7706646
376,428,458.9826491
381,429,458.8399111
389,429,458.232441
401,430,458.1251117
416,429,457.8542465
432,430,457.8039952
442,429,457.9196729
453,430,457.9098863
466,430,458.3393349
478,430,458.3794978
486,431,459.0041062
496,430,459.0810734
501,431,459.8109113
506,431,459.907919
510,430,460.6971497
513,430,460.8076801
511,430,461.6064395
506,430,461.6994867
503,430,462.4509853
499,430,462.5269657
491,430,463.1949364
480,430,463.229155
465,430,463.7538412
450,430,463.7267407
435,429,464.0578621
415,429,463.9649232
398,429,464.0610059
386,429,463.9179928
377,429,463.8028333
370,428,463.6341683
365,428,463.3484862
359,428,463.163252
347,427,462.7287605
325,427,462.4942378
295,427,461.9008452
273,426,461.6001993
256,426,460.8597938
243,425,460.5269417
233,424,459.6769167
225,424,459.3272385
219,424,458.3800875
215,423,458.0224121
211,423,457.0103444
208,422,456.6478578
206,422,455.5776707
205,422,455.2141935
203,422,454.1162132
203,421,453.752697
202,421,452.6419241
202,421,452.2792832
201,422,451.141929
201,422,450.7801948
202,421,449.5982865
202,421,449.2393015
203,422,447.9836344
203,422,447.6274969
206,422,446.2715503
211,422,445.9249062
225,423,444.504766
242,423,444.1919022
261,423,442.7448498
277,423,442.4753259
292,424,441.0243632
304,424,440.7928266
312,424,439.3262924
316,424,439.1142084
317,424,437.6270202
315,424,437.4160765
315,424,435.8787154
313,424,435.6675476
312,424,434.0936726
311,424,433.8823389
311,424,432.2482193
309,424,432.0368132
309,424,430.3792521
313,424,430.1764591
317,424,428.522942
326,424,428.3423864
337,424,426.8100346
353,425,426.6751575
369,425,425.5075244
384,425,425.428551
398,425,424.7997949
410,425,424.7707099
420,426,424.6415629
428,425,424.6483062
433,426,424.8771696
438,426,424.9038197
442,426,425.3319039
447,426,425.3763416
451,427,425.9013147
456,427,425.9636346
460,427,426.5229227
466,426,426.6055227
471,427,427.161257
476,427,427.2645059
478,426,427.7845477
481,427,427.8975835
485,427,428.3774931
492,428,428.5141655
503,427,428.9535643
518,427,429.1500973
536,427,429.5453951
555,427,429.8328489
572,428,430.1636055
590,428,430.542502
600,428,430.7786235
604,428,431.1945199
595,428,431.2567574
577,427,431.5973633
543,427,431.4173082
502,427,431.5699943
457,427,431.1430745
411,426,431.1037277
369,425,430.5311698
338,424,430.3659629
318,423,429.7364574
302,423,429.5188983
291,423,428.8554255
292,423,428.6253259
299,423,427.9349678
307,424,427.7272238
320,424,427.0034026
335,424,426.8391875
349,424,426.0797083
365,425,425.9662897
390,425,425.2027572
416,425,425.1845505
439,425,424.3981262
456,427,424.4636781
465,426,423.6331149
471,426,423.733133
475,426,422.8517366
469,427,422.9490584
462,426,421.9878713
455,426,422.0564725
451,426,421.028286
453,426,421.0946521
457,426,420.0538113
460,426,420.1374942
468,426,419.107447
477,426,419.2312107
481,426,418.2481932
479,427,418.3785009
472,426,417.3557687
464,426,417.4542586
452,426,416.3362965
439,426,416.3828551
427,425,415.1276453
418,425,415.1334099
413,425,413.778878
415,426,413.7813239
421,425,412.3932011
421,425,412.4105939
422,425,411.0631117
424,425,411.0893917
425,426,409.9886992
428,425,410.0255114
432,426,409.3892856
439,426,409.4506442
447,426,409.3398444
458,426,409.4429362
468,427,409.76497
478,426,409.9127761
488,427,410.4863165
497,427,410.6775329
507,427,411.3955354
517,426,411.6337838
522,427,412.4363824
522,427,412.6845405
519,427,413.5032211
520,427,413.7435728
525,427,414.5697144
532,427,414.8377514
540,427,415.6866281
548,427,415.9932572
553,428,416.8261581
555,427,417.1481847
563,428,417.9209732
571,428,418.2830453
579,428,418.9824347
576,428,419.3551478
559,428,419.8741127
526,427,420.1131205
485,427,420.3335277
441,426,420.3758747
397,425,420.335759
356,424,420.2169178
320,423,420.0002887
292,423,419.7832417
271,423,419.4777577
257,422,419.2156533
245,423,418.8577487
240,422,418.5763132
239,423,418.2138228
243,423,417.9367105
250,423,417.5789702
261,423,417.3244469
272,422,416.9734232
282,423,416.7471056
294,424,416.3833549
307,424,416.1932796
320,424,415.8109613
337,424,415.6682523
355,424,415.263581
371,425,415.1797635
384,425,414.7518489
396,425,414.7151914
405,425,414.2174431
414,426,414.2170083
421,425,413.6416333
428,425,413.6708474
433,426,413.0359711
436,426,413.0831732
438,425,412.4077209
441,426,412.4668835
445,426,411.8042222
446,426,411.8754472
451,426,411.2648168
457,426,411.3613618
466,426,410.8338239
475,427,410.9721548
485,427,410.5326615
499,427,410.7286136
515,427,410.3800575
536,427,410.6696483
559,427,410.4389263
583,427,410.8563861
606,428,410.7466124
624,428,411.2834862
635,428,411.2702377
639,427,411.8513858
638,428,411.9357524
636,428,412.5053624
630,428,412.8126725
626,428,413.3487946
623,428,413.9834376
622,427,414.5036671
622,427,415.3996193
622,428,415.9152534
620,428,416.925797
617,428,417.4216621
612,428,418.4645112
609,428,418.9320756
609,428,419.9975021
608,428,420.4574104
611,428,421.5466322
616,428,422.0249661
626,428,423.1653031
631,428,423.6827327
641,428,424.8707171
650,428,425.4398853
656,429,426.6701992
660,429,427.2640448
657,428,428.4692776
646,428,429.014431
620,428,430.0306602
584,428,430.3935734
537,428,431.0745719
481,428,431.180192
423,427,431.4823101
369,425,431.3663779
329,425,431.3965043
299,425,431.1722858
276,424,431.0468894
259,423,430.7713779
245,423,430.571962
236,423,430.2706381
229,422,430.0504118
224,422,429.7369218
220,422,429.5116232
217,422,429.1916262
215,422,428.9446036
213,422,428.621306
215,422,428.3319747
223,422,428.0196281
236,423,427.6947482
253,423,427.4166234
271,423,427.0610311
292,423,426.8335624
314,424,426.4508631
332,424,426.2828474
351,425,425.8589363
367,425,425.7493394
380,425,425.2983887
389,425,425.2288842
394,425,424.7461107
398,425,424.6942995
399,425,424.1494637
399,425,424.1006531
397,425,423.4836322
392,426,423.4230013
386,425,422.7467275
378,425,422.6619619
372,425,421.983913
367,424,421.881097
367,425,421.2354812
368,424,421.1357263
368,425,420.5123366
371,425,420.4191313
376,425,419.7946201
386,425,419.7297464
397,425,419.1209285
411,425,419.1048437
423,426,418.4924442
433,426,418.5219612
439,426,417.887185
445,426,417.943166
454,426,417.3785905
467,426,417.4837194
480,427,417.2267037
496,427,417.3990872
511,427,417.601991
516,427,417.8219142
516,427,418.3628436
510,427,418.5661405
496,426,419.2114293
478,427,419.3372318
465,426,419.9877396
458,427,420.067197
453,427,420.7290361
448,426,420.785342
442,427,421.4442841
439,426,421.4801253
435,426,422.1340454
425,426,422.1397967
408,425,422.7461183
386,424,422.6758143
360,424,423.1839734
330,424,423.0180918
299,423,423.3757457
276,423,423.1322252
258,422,423.3285226
245,422,423.0468934
235,422,423.0803943
228,422,422.7800776
223,422,422.6563222
219,421,422.3470279
215,421,422.0994051
214,422,421.7856849
217,422,421.4617872
219,421,421.1540098
219,422,420.7874715
219,421,420.4805513
219,421,420.1016672
215,421,419.791484
213,422,419.4064921
212,421,419.0941302
212,421,418.7165163
215,421,418.4080831
222,421,418.0575489
234,421,417.7703699
251,422,417.4343264
272,422,417.194058
293,423,416.9050439
312,423,416.7215905
329,423,416.4704013
344,423,416.3380501
360,423,416.0944787
370,424,416.007387
373,424,415.7465531
374,424,415.6672443
383,424,415.3970334
400,424,415.366809
425,425,415.1300832
453,426,415.2092701
479,426,414.9984596
505,426,415.1979335
526,426,414.9381126
547,426,415.2441547
564,427,414.9139805
578,427,415.3040717
588,427,414.9252679
596,426,415.3662047
604,427,414.9656335
608,427,415.4412257
613,426,414.9208559
610,427,415.4024531
608,427,414.6806145
607,427,415.1541762
603,427,414.2896158
597,427,414.7353759
588,427,413.854834
578,426,414.2480416
567,427,413.5192115
557,427,413.8558203
548,426,413.5189571
540,426,413.8105025
537,426,413.9831205
536,427,414.2630227
537,426,414.8225542
539,426,415.1079835
542,426,415.8519806
545,427,416.1502781
546,427,416.990249
545,426,417.285461
541,426,418.152435
537,426,418.423821
534,426,419.2974059
530,426,419.5479639
518,426,420.3936532
495,426,420.5560747
458,426,421.2694933
411,424,421.2492042
362,423,421.7788268
323,423,421.6043667
293,423,422.0259682
272,422,421.7791768
257,421,422.1024674
243,421,421.8201631
234,421,422.0157017
226,421,421.7146073
221,420,421.8240309
217,420,421.5137246
214,420,421.6098858
212,420,421.294759
210,420,421.3836166
209,420,421.065774
208,420,421.1693617
207,420,420.8498093
207,420,420.998691
207,420,420.6793506
207,420,420.8953692
213,420,420.5821489
228,420,420.8663457
252,421,420.5962815
277,421,420.9644619
304,421,420.7629832
328,422,421.2141959
348,422,421.0804721
360,422,421.5801319
371,423,421.4850294
381,423,422.0060381
389,422,421.9426027
393,423,422.4616571
393,423,422.4047845
391,423,422.9090898
385,423,422.8366635
379,423,423.3113026
373,423,423.216649
368,422,423.6346523
363,422,423.5220467
360,422,423.8377672
360,423,423.7196904
365,422,423.8972254
377,423,423.8086101
392,423,423.8674784
410,424,423.8401963
428,424,423.8048834
446,424,423.8504335
462,425,423.7393303
478,424,423.8547841
493,424,423.6551302
506,425,423.8357866
516,425,423.566518
525,425,423.7936149
532,425,423.4645942
537,425,423.7220268
539,425,423.3766521
540,425,423.6419408
538,425,423.3988961
537,425,423.6565
536,425,423.6761581
536,425,423.9305085
537,425,424.2463033
538,425,424.5042332
542,426,425.0806855
548,426,425.3619753
557,425,426.1136018
564,425,426.433873
568,425,427.2844838
569,425,427.6147893
569,426,428.4998205
556,426,428.7926585
538,426,429.5952119
515,425,429.7829592
484,425,430.4255223
447,424,430.4593082
405,423,430.8777754
363,422,430.7526947
325,422,430.9532683
295,422,430.7241902
273,421,430.763818
257,421,430.4862948
245,420,430.3522349
236,420,430.051197
229,420,429.7218306
224,420,429.4087586
220,420,428.938189
218,420,428.6199272
216,419,428.1253703
217,420,427.8071154
227,420,427.3840079
241,420,427.0924233
257,420,426.8373252
276,421,426.5888817
293,421,426.4867077
311,421,426.2869597
327,421,426.2919441
343,422,426.1416079
358,422,426.1962112
371,422,426.0929546
383,422,426.1308661
394,422,426.0690226
404,423,426.0339115
406,422,425.994784
408,423,425.8709548
410,423,425.8398032
409,423,425.6114545
408,422,425.576959
407,423,425.2579342
407,423,425.2222007
407,423,424.8436515
410,423,424.8144819
416,424,424.4139163
420,423,424.4051343
425,423,424.0356902
432,423,424.0517681
438,423,423.7436576
445,423,423.7872344
453,424,423.5822468
462,424,423.6625591
469,424,423.6169717
480,424,423.7372252
491,425,423.877154
503,425,424.0501338
509,425,424.3607452
514,424,424.5589123
519,425,424.9613138
524,424,425.182415
530,425,425.6524804
538,425,425.9067527
546,425,426.5026789
554,425,426.7956865
563,425,427.5874765
571,425,427.922271
578,425,428.8406191
578,425,429.1906756
577,425,430.1519818
576,425,430.4929941
574,425,431.4708939
573,425,431.8002501
573,425,432.7899702
569,425,433.1051443
557,425,434.0604323
542,424,434.3030854
519,425,435.1687025
491,425,435.2875119
458,424,436.0180656
418,423,435.9827726
372,422,436.5515967
330,421,436.3644601
299,421,436.8193566
276,420,436.5568462
259,420,436.9588907
246,420,436.6603234
237,420,437.0270556
230,419,436.7109593
224,420,437.0130396
220,419,436.6866565
218,419,436.9008454
219,419,436.5735975
222,419,436.7163339
228,419,436.3985357
239,420,436.5141615
252,420,436.2230301
269,420,436.3675736
288,421,436.1212148
308,420,436.3230565
324,421,436.1272819
339,421,436.3823749
354,421,436.2331372
367,422,436.5380337
378,422,436.4287937
388,422,436.7674571
395,422,436.6879092
397,422,437.0125604
397,422,436.9361921
397,422,437.1891658
398,422,437.114294
403,422,437.2744079
411,423,437.2234349
421,422,437.3194514
430,422,437.3049348
439,422,437.3607766
446,423,437.3782253
450,423,437.4113663
456,423,437.4493319
462,424,437.4713961
468,423,437.5345792
474,424,437.5455155
480,423,437.6345347
485,424,437.6299395
489,424,437.738696
492,424,437.7049591
497,424,437.8315635
502,425,437.7946142
507,424,437.9439393
513,424,437.8928571
518,424,438.0676911
525,424,437.9446049
529,424,438.1456014
535,424,437.8776652
543,425,438.1130836
549,424,437.6967728
556,424,437.9652726
562,425,437.468162
566,424,437.7628902
568,424,437.3674297
570,424,437.6728093
571,425,437.6058292
572,425,437.9157819
572,425,438.2387093
563,425,438.5236573
552,424,439.0867686
543,424,439.3191255
536,425,439.9754388
528,425,440.1690562
511,424,440.8171839
488,424,440.9165885
451,423,441.4030055
406,422,441.3350337
358,421,441.5808843
321,421,441.3726
293,421,441.4307876
272,420,441.1568723
256,420,441.0092111
244,420,440.7030951
236,419,440.3602278
230,419,440.03988
228,419,439.6014455
229,419,439.2810194
242,419,438.8381568
257,420,438.5497326
273,420,438.1986126
290,420,437.9522668
304,421,437.6675745
318,421,437.4609103
334,421,437.1916457
354,421,437.0410667
375,421,436.7775031
395,422,436.6979368
410,423,436.463842
421,423,436.4334611
431,423,436.291449
437,423,436.2928672
441,423,436.2648646
441,422,436.2743861
439,422,436.3341047
437,423,436.3354375
436,423,436.4219819
437,423,436.4231387
437,422,436.485015
435,423,436.48205
433,423,436.5282945
431,422,436.5173078
433,422,436.5499648
438,422,436.5528697
448,423,436.5802683
458,423,436.6241565
468,423,436.6243668
473,423,436.700142
480,424,436.639561
487,424,436.7460773
497,424,436.6373235
503,424,436.7801117
513,424,436.6185974
524,424,436.8108057
531,424,436.6451465
536,424,436.8664075
538,424,436.7299969
540,424,436.9608953
543,424,436.7937747
546,424,437.0394216
554,425,436.8238893
563,424,437.1125919
576,424,436.9039622
590,425,437.2636527
607,425,437.0725854
624,425,437.5261501
640,425,437.3750013
650,425,437.9032975
654,425,437.9726659
663,425,438.5379733
673,425,439.0301755
678,425,439.6377691
678,425,440.477112
671,426,441.0584179
653,425,442.0416492
625,425,442.4830709
587,424,443.3899133
541,424,443.6065689
489,424,444.3249141
432,423,444.3006054
376,422,444.8023587
333,422,444.6068128
304,421,444.9660634
279,421,444.6959523
261,420,444.9490705
248,419,444.6422427
237,419,444.8071479
230,419,444.4811492
224,419,444.5527644
220,419,444.2169583
217,419,444.1735385
215,419,443.8333043
213,419,443.6935021
212,418,443.3509716
214,419,443.1405885
219,419,442.805551
228,419,442.5512142
243,419,442.2419835
261,419,441.9838724
281,420,441.7204614
298,420,441.4881057
315,421,441.2713156
334,421,441.0653935
352,421,440.9052188
364,421,440.7111942
375,421,440.5895528
381,422,440.3541046
384,421,440.2485957
385,421,439.9248706
389,422,439.8289054
394,422,439.3642884
396,422,439.2818321
398,421,438.594718
401,422,438.5227451
408,422,437.6127418
413,422,437.564898
423,422,436.5535064
436,423,436.5524001
449,422,435.5887914
461,423,435.6410931
473,424,434.7771041
487,424,434.8878085
496,424,434.1040251
505,424,434.2573684
510,424,433.5066112
514,423,433.6825083
518,424,432.9687192
519,424,433.157835
519,423,432.4900893
519,424,432.6803716
520,424,432.0246574
522,425,432.2233011
524,424,431.5472698
523,424,431.7495084
523,424,430.9827308
525,424,431.1912244
530,424,430.338579
537,424,430.5782716
543,424,429.6797918
549,424,429.951481
552,424,429.1130737
556,424,429.4042687
559,424,428.8705351
563,425,429.180631
566,424,429.1451936
565,424,429.4597956
560,424,429.8864277
542,424,430.1398191
518,424,430.7350617
484,424,430.8481635
439,422,431.3945648
389,421,431.3139344
344,421,431.7519653
309,421,431.5413097
283,420,431.9212404
265,420,431.6518227
250,419,432.0076147
239,419,431.7077252
231,418,432.0514215
225,419,431.7364289
221,418,432.0595664
217,418,431.7363733
216,418,431.9993575
217,419,431.6762398
223,418,431.8557894
235,419,431.5517049
248,419,431.6420644
256,419,431.3621611
266,419,431.3596972
279,419,431.1087195
295,419,431.0556274
315,420,430.8547157
339,420,430.824288
364,421,430.7009868
389,421,430.7438433
410,422,430.7033527
428,422,430.8369075
444,422,430.863635
458,422,431.1043283
463,423,431.1704744
468,423,431.4767948
472,423,431.5616387
473,423,431.8862483
473,423,431.9723811
473,423,432.290662
474,423,432.3780961
473,423,432.6568107
474,423,432.743439
476,423,432.9455621
481,423,433.0469928
489,423,433.1863396
498,423,433.325642
511,423,433.4600758
524,423,433.6600212
536,423,433.7781957
546,423,434.0315979
548,424,434.0599268
549,424,434.3201653
548,424,434.2314751
546,424,434.4837074
542,424,434.3826476
542,423,434.624477
540,424,434.6383059
538,424,434.8695483
534,424,434.9807749
533,424,435.1988465
534,424,435.3568573
534,424,435.5764388
537,424,435.7834513
541,424,436.0192243
548,424,436.2962076
555,424,436.5658278
567,424,437.0168732
578,424,437.3441985
585,424,438.0195432
591,424,438.378786
597,425,439.2533563
595,424,439.6199199
586,424,440.5535869
574,424,440.8607944
553,424,441.7530209
521,424,441.9256974
478,424,442.6644481
425,422,442.6298228
372,421,443.1779545
331,420,442.98195
300,420,443.4141859
277,419,443.1437306
259,419,443.5223875
246,419,443.2152028
237,418,443.5732142
229,418,443.2477456
224,418,443.6010073
220,419,443.2663872
218,418,443.6117478
216,418,443.2731799
217,418,443.5884934
223,418,443.2568871
231,418,443.5119228
241,419,443.1992577
254,419,443.3750002
272,419,443.0984044
293,419,443.2241366
312,419,443.0004831
334,420,443.0939002
357,421,442.9384133
381,421,443.0794385
404,422,443.0047201
425,422,443.163448
446,422,443.1691393
462,423,443.22342
475,423,443.2892464
483,423,443.1656503
488,423,443.2598448
492,423,442.9492704
492,423,443.0527914
492,423,442.5689534
489,423,442.666676
485,423,442.0555873
481,423,442.1368996
475,423,441.4261457
471,423,441.4872705
470,423,440.7329839
472,423,440.7977314
472,422,440.0673819
475,423,440.1400141
479,423,439.4636898
483,423,439.5550659
487,423,438.9860539
494,424,439.1029606
501,424,438.6739172
506,423,438.8188784
511,423,438.5031494
514,423,438.6671107
519,423,438.4069197
517,423,438.5781618
516,423,438.3032689
516,423,438.4724028
517,423,438.172384
518,423,438.3465478
520,423,438.0433517
522,423,438.2273177
523,423,437.9631988
524,423,438.1521334
525,423,437.9269231
526,423,438.1207391
527,423,438.0208517
530,424,438.2240774
533,423,438.4468283
535,423,438.6611448
532,424,439.2091887
525,423,439.3974875
506,423,440.0566528
480,423,440.1401572
443,423,440.7427462
395,421,440.6559996
347,420,441.1304298
312,420,440.9099137
286,419,441.3193964
266,418,441.0383158
250,419,441.4159173
239,418,441.103795
231,418,441.467445
224,417,441.1395131
219,418,441.4947352
216,417,441.15879
215,417,441.5110372
211,418,441.1702325
209,417,441.5110009
209,417,441.1682922
208,417,441.4462182
209,417,441.1035887
209,417,441.2605463
215,417,440.9239141
225,418,440.9610701
240,418,440.6506235
256,418,440.633496
275,418,440.3644082
296,419,440.3304006
317,419,440.1182318
337,419,440.1145324
356,419,439.9623529
372,420,440.0325958
384,420,439.9276531
391,420,440.072596
394,420,439.9852657
394,420,440.1711272
392,420,440.0800473
389,420,440.2753397
387,420,440.1752242
385,420,440.3268621
384,420,440.2214011
384,420,440.2657537
385,420,440.1621474
388,420,440.0760592
390,420,439.9815951
393,420,439.7677083
398,420,439.6881327
405,420,439.3650159
410,421,439.3082449
417,421,438.9089109
426,421,438.883472
433,421,438.4465358
441,421,438.4516575
448,421,438.0191132
455,421,438.0537319
466,422,437.6675265
480,422,437.7562769
494,422,437.4381674
505,422,437.5837017
514,422,437.3039349
519,422,437.4825528
522,422,437.1842588
525,422,437.3774868
527,423,437.0123495
525,422,437.2059972
524,422,436.7917583
526,422,436.98835
529,422,436.6165067
532,422,436.82806
532,422,436.6426199
534,422,436.8589887
533,422,436.9527198
529,422,437.1561575
522,422,437.5405919
509,422,437.6951542
491,422,438.2442539
463,422,438.2951608
424,420,438.8236278
381,420,438.7155867
340,419,439.1546854
305,418,438.9272992
280,418,439.3116541
261,418,439.0273135
248,417,439.3885143
237,417,439.0768498
229,417,439.4224119
224,417,439.0970553
219,416,439.3962496
215,417,439.0619273
213,417,439.2807749
212,416,438.9436775
211,416,439.0683501
213,416,438.7324834
219,416,438.7687249
227,416,438.4472785
239,417,438.4096875
252,417,438.1160303
266,417,438.0263144
284,418,437.7723495
303,418,437.6702577
324,418,437.4723946
345,418,437.4170611
365,419,437.2841959
384,419,437.295489
398,419,437.2204227
409,420,437.2826274
417,420,437.2430011
423,420,437.3263205
427,420,437.3059112
429,420,437.3650722
432,420,437.3544078
437,420,437.3887697
438,420,437.389993
442,420,437.3826736
450,420,437.4082715
458,420,437.3680368
466,420,437.4271711
475,421,437.3506708
483,420,437.4467236
492,421,437.3077408
500,421,437.4420922
509,422,437.2752122
516,421,437.4468013
526,421,437.2729093
535,421,437.4901507
543,421,437.2974962
552,422,437.5569106
557,422,437.3202282
561,422,437.6024749
562,421,437.2917128
563,422,437.5791723
564,422,437.2158545
567,422,437.5138466
569,422,437.1712656
572,421,437.4823951
575,422,437.1712747
577,422,437.495536
577,422,437.2028301
578,423,437.5296447
579,422,437.3524899
579,422,437.6815372
580,422,437.7216518
581,422,438.0549806
586,422,438.3997841
582,422,438.7338943
582,422,439.3818645
581,422,439.710623
578,422,440.5344336
569,423,440.8287286
550,422,441.667198
519,421,441.8353721
480,421,442.5526677
437,420,442.5416319
391,420,443.107656
347,419,442.9362527
313,418,443.3854681
287,418,443.1277807
267,417,443.5038482
253,417,443.204569
242,417,443.5082492
233,417,443.1870328
227,416,443.3964307
223,417,443.0650652
221,417,443.1675179
224,416,442.8374487
229,417,442.856249
240,417,442.543347
249,417,442.4986781
262,417,442.2112142
277,417,442.1335116
293,418,441.8854784
312,418,441.834203
331,418,441.6402948
351,419,441.6453637
371,419,441.5153542
391,419,441.5527689
406,419,441.4845207
420,420,441.5053272
432,420,441.4865207
440,420,441.4794244
448,420,441.4925617
453,421,441.4691586
458,420,441.502838
460,420,441.4439551
463,421,441.4881176
465,421,441.3883816
466,421,441.4389743
469,421,441.3038593
472,421,441.3673821
476,421,441.2136795
481,421,441.2968321
487,421,441.1216415
494,421,441.2337226
500,421,441.03655
508,421,441.1806206
516,422,440.9657828
523,421,441.1450759
530,421,440.9052334
539,421,441.1231937
548,422,440.8604335
556,422,441.1207068
561,422,440.832379
567,422,441.1207295
573,422,440.8375932
578,422,441.1544809
583,422,440.8847499
588,422,441.2279366
594,422,441.0084295
593,422,441.364652
595,422,441.2494784
596,422,441.6131022
597,422,441.5798632
598,422,441.9479585
600,423,442.0750261
604,422,442.4580206
604,422,442.8934038
605,422,443.2767849
604,423,444.0223437
603,422,444.3970612
603,423,445.3008935
600,423,445.6638868
596,423,446.6268455
586,422,446.948968
570,422,447.880768
545,422,448.0960143
510,422,448.8924112
468,422,448.931438
418,421,449.4927647
367,419,449.3428936
326,418,449.6762697
297,418,449.422683
274,418,449.608848
258,418,449.3071867
245,417,449.3630027
235,417,449.0364172
228,416,448.9403824
222,416,448.6010923
218,416,448.3853307
215,416,448.0399045
215,416,447.7496012
212,416,447.4020943
210,416,447.0779209
210,416,446.7293476
211,416,446.4161138
217,416,446.0750497
227,416,445.7816962
244,416,445.4693592
265,417,445.2184306
287,418,444.9581441
308,418,444.7770579
328,418,444.5741176
348,418,444.4375518
364,419,444.2912108
380,419,444.1363058
392,419,444.0381425
402,419,443.8485971
410,420,443.7834765
414,420,443.5593735
418,420,443.5097248
422,420,443.2267003
425,420,443.1909949
427,420,442.8313734
427,420,442.8002755
428,420,442.3701173
428,420,442.3418429
428,420,441.8835913
431,420,441.8620916
438,420,441.3949762
444,420,441.4002016
449,420,440.8835749
454,421,440.9101972
461,420,440.2894521
463,421,440.3360421
468,421,439.5504946
473,421,439.6199336
478,421,438.6836453
483,421,438.7767451
488,421,437.77854
493,421,437.8959328
497,421,436.8103095
502,421,436.9503954
505,421,435.8851221
507,421,436.0389272
509,421,435.1928603
510,422,435.3553032
510,421,434.9232766
512,421,435.0910571
512,421,435.150247
514,421,435.3222002
514,421,435.7856104
518,421,435.9655124
521,422,436.6343953
526,422,436.8313725
528,421,437.6105254
531,421,437.8171856
532,422,438.6532016
534,421,438.8645691
532,422,439.7245973
528,422,439.9188266
516,421,440.752747
494,421,440.8656598
463,421,441.5887717
423,420,441.5523751
379,419,442.1076638
334,418,441.917843
301,418,442.3141413
278,417,442.0464727
260,417,442.309162
247,416,442.004681
237,416,442.1486275
230,416,441.8260042
223,416,441.8475013
219,416,441.5140745
216,416,441.4425115
213,416,441.1037134
213,415,440.9840404
213,415,440.6458079
219,416,440.5152271
226,416,440.1905383
236,416,440.0480457
249,416,439.7487919
262,416,439.6184787
276,416,439.352057
292,417,439.2180746
310,417,438.9975991
329,417,438.8422142
348,418,438.6793043
366,418,438.4788791
382,418,438.3731835
393,418,438.1118967
403,419,438.0444818
410,419,437.7216999
414,419,437.6755396
417,419,437.3117276
417,419,437.2720458
416,419,436.8744701
417,419,436.8356235
416,419,436.4343936
418,419,436.398302
421,419,435.9958449
425,419,435.97413
427,419,435.5701237
432,419,435.5630127
435,419,435.1712629
441,419,435.1829983
448,420,434.7702408
454,420,434.8095491
466,420,434.3713999
477,420,434.4608314
490,420,434.0339906
503,420,434.1828555
516,420,433.7795447
529,421,433.9908363
541,421,433.6246149
552,421,433.8935976
560,420,433.6498939
566,421,433.9548801
567,421,433.9715643
568,421,434.2809045
569,421,434.6690884
573,421,434.989655
577,421,435.6993135
583,422,436.0435781
588,421,436.9286845
589,421,437.2856092
590,421,438.2462568
591,421,438.6048609
594,421,439.6116933
590,421,439.9637758
586,421,440.9670735
583,422,441.2967641
579,421,442.2861745
574,422,442.5887233
564,421,443.5137776
549,421,443.7497763
526,421,444.5316105
493,421,444.6338201
453,420,445.206554
404,419,445.1279479
356,418,445.4398898
319,418,445.2228476
291,416,445.3027072
270,416,445.0210242
255,416,444.894124
243,416,444.5818462
233,416,444.2924122
226,415,443.9629579
221,415,443.5606115
217,415,443.2230838
213,415,442.770726
211,415,442.4283739
211,415,441.9588751
209,415,441.6156179
208,415,441.138616
208,415,440.7954174
211,415,440.3187404
219,415,439.9872203
229,415,439.5043688
246,416,439.2024522
265,415,438.6911143
282,416,438.4336233
301,417,437.8553238
319,417,437.6498281
334,417,437.0029785
346,417,436.8398929
354,417,436.1843964
362,417,436.0486234
368,417,435.4211676
373,417,435.3052584
377,418,434.7157987
383,418,434.6185086
389,418,434.0629254
395,418,433.9883086
402,418,433.4816983
410,418,433.4360045
419,418,432.9574718
429,418,432.9495929
439,418,432.4844246
449,419,432.5180852
460,419,432.0321047
471,419,432.1135476
480,420,431.5602629
490,419,431.685038
500,420,431.0923814
512,419,431.2693451
524,420,430.6884222
536,421,430.9247312
547,420,430.487441
556,420,430.7749645
563,421,430.6011411
569,421,430.9223016
577,420,431.1768744
578,421,431.5203796
581,421,432.1603813
584,420,432.5172621
585,420,433.3564001
588,420,433.7207189
589,420,434.6609832
592,420,435.0324563
593,421,436.0270119
595,421,436.4027566
597,421,437.4308213
598,421,437.8107354
601,421,438.8592906
601,421,439.2433084
602,421,440.2880456
604,421,440.6761714
605,421,441.6954196
600,421,442.0686078
580,421,442.9592304
548,421,443.1941584
504,420,443.7979509
453,419,443.8165454
398,418,444.0792009
351,417,443.9125207
315,417,443.8852219
288,417,443.6281213
268,416,443.3775403
253,416,443.0784287
242,415,442.6617024
233,415,442.3415671
227,415,441.8333253
224,415,441.5049332
224,415,440.9621267
225,415,440.6358497
231,415,440.1041779
239,416,439.7937539
250,415,439.3135176
262,415,439.0303657
273,416,438.6189247
288,416,438.3693374
306,416,438.0083134
327,417,437.8143876
347,417,437.5022909
365,418,437.369281
385,418,437.0869112
400,418,437.0158784
415,418,436.7452471
425,418,436.7220718
433,418,436.4264062
439,418,436.4315685
443,418,436.1132508
448,419,436.1373476
451,419,435.808612
455,419,435.8478381
458,419,435.5424623
462,419,435.5969812
465,419,435.2986605
468,419,435.3665146
470,419,435.0615947
473,420,435.1407726
476,419,434.8362901
479,419,434.9290931
483,419,434.6298404
490,419,434.7476187
501,420,434.4741322
506,420,434.6289314
513,420,434.3562463
522,420,434.5491756
529,420,434.3416574
535,420,434.5662435
541,420,434.5549286
547,420,434.8088408
553,420,435.1373197
559,420,435.4202108
564,421,436.086906
566,420,436.385332
571,420,437.2201493
573,421,437.5337633
575,420,438.4544293
575,420,438.7699306
575,420,439.7271289
575,421,440.0391778
575,420,441.0164226
577,421,441.3302074
581,421,442.331659
584,420,442.6602467
586,421,443.682172
588,421,444.0176235
587,421,445.0427216
579,420,445.3508505
564,420,446.3094714
541,420,446.5188932
508,420,447.3018644
467,420,447.3421263
421,419,447.8708683
376,417,447.7386403
337,417,448.0203818
303,417,447.7772169
280,416,447.8635837
262,416,447.568893
249,415,447.5162316
240,415,447.1973122
233,415,447.0766546
229,415,446.7467538
229,415,446.6191682
235,416,446.2960833
243,416,446.1998438
255,415,445.8992734
267,416,445.8418193
280,416,445.5717428
293,416,445.5463355
307,416,445.3122635
323,417,445.3122365
341,417,445.1280086
360,417,445.1615163
381,417,445.0424249
402,419,445.1044303
421,418,445.0575244
436,418,445.1313805
452,419,445.1452235
463,419,445.2139924
473,420,445.2712948
479,420,445.3162507
484,420,445.3969713
487,420,445.369955
489,420,445.4614798
491,420,445.3275235
493,420,445.4279605
496,420,445.2274036
498,420,445.3391898
500,420,445.1146258
503,420,445.2379072
507,420,445.0171508
512,420,445.1611753
516,420,444.9656941
524,420,445.1377674
532,420,444.9538379
541,421,445.1666115
550,421,445.014638
557,420,445.2667178
563,421,445.1571158
568,420,445.4366128
572,421,445.4231894
577,421,445.7251081
583,421,445.9119026
588,421,446.241233
591,420,446.7427494
595,421,447.0883313
598,421,447.8695214
600,421,448.2253161
601,421,449.1533942
603,421,449.5136394
606,422,450.5192262
608,421,450.8890839
611,421,451.9412304
614,422,452.3232981
618,422,453.4126245
620,422,453.8068334
621,421,454.9122865
622,422,455.3076608
623,422,456.418865
615,422,456.7909741
604,422,457.8295116
585,422,458.119085
558,421,458.9944726
523,421,459.1313886
481,421,459.7654822
433,419,459.7135064
382,418,460.0631502
339,418,459.852833
306,417,459.9679783
282,417,459.680811
265,416,459.627777
251,416,459.3051056
241,416,459.1477271
233,416,458.8066913
229,416,458.5919309
231,416,458.2495696
235,416,458.0189414
244,416,457.6907908
252,416,457.4502853
263,416,457.1439379
275,416,456.8956218
289,416,456.621445
301,417,456.3408814
317,417,456.1046854
335,418,455.7999706
356,418,455.6221878
377,418,455.3090386
396,418,455.1981327
413,419,454.8731947
429,419,454.8229172
444,419,454.472713
452,419,454.467781
461,420,454.0696626
469,420,454.1000132
474,420,453.6715439
477,420,453.7193979
479,420,453.283001
481,420,453.3401262
481,420,452.891868
481,420,452.949825
483,420,452.4795105
486,420,452.5490294
489,420,452.0624724
493,420,452.1480466
495,420,451.665677
500,421,451.7675066
504,421,451.2962271
509,421,451.4189961
511,420,450.9547098
516,420,451.0941609
523,421,450.6383359
529,420,450.8086534
534,421,450.3908167
536,421,450.5782685
540,421,450.2151412
543,421,450.4197864
546,421,450.262108
550,421,450.4836223
554,421,450.6803897
555,421,450.9131158
556,421,451.4442755
556,422,451.6775421
560,421,452.4251353
558,421,452.6608598
561,422,453.5107982
565,422,453.7611156
570,421,454.6830956
575,421,454.9554857
580,421,455.928195
586,422,456.22535
588,422,457.2232827
590,422,457.5272932
589,422,458.5034731
583,422,458.7861833
569,421,459.6668154
544,422,459.8509171
509,421,460.5214784
465,421,460.5304789
416,420,460.9181218
365,418,460.7462143
325,418,
